dataset,filter,bytes,query_dist,num_queries,model_accuracy,fpr
ember,plbf,1075360.0,unif,10000000,0.819,0.0122510823109286
url,plbf,271584.0,unif,10000000,0.9419,0.0070854448181205
url,adabf,271584.0,unif,10000000,0.9419,0.0098597358308241
ember,adabf,1075360.0,unif,10000000,0.819,0.0238031803545737
ember,plbf,1075360.0,unif,10000000,0.819,0.0122510823109286
url,plbf,271584.0,unif,10000000,0.9419,0.007085444818120583
